[
    {
        "title":"美可卓（Maxigenes）全脂高钙成人奶粉 1kg/罐 进口奶粉 学生奶粉 蓝胖子 澳大利亚进口",
        "img":"./img/cainixih.webp",
        "price":"89"
    },
    {
        "title":"壳牌 (Shell) 防冻液水箱宝OAT -30℃",
        "img":"./img/cainixih2.webp",
        "price":"55"
    },
    {
        "title":"Beauty Buffet Scentio 泰国 Q10 牛奶洗面奶 100g 深层清洁 去黑头 各种肤质通用",
        "img":"./img/cainixih3.webp",
        "price":"39"
    },
    {
        "title":"FGA电热水壶家用自动断电1.5L大容量304不锈钢全自动烧水壶热水壶",
        "img":"./img/cainixih4.webp",
        "price":"59"
    },
    {
        "title":"英氏（Engnice）婴幼儿泰国茉莉香米米饼 原味 50g 1阶能坐了 6个月以上 儿童宝宝磨牙饼干 零食 不添加白糖",
        "img":"./img/cainixihuan5.webp",
        "price":"26"
    },
    {
        "title":"德国蓝宝冰箱除味神器冰箱除臭去异味食物保鲜净化器臭氧抑菌杀菌除臭便携消毒棒冰箱卫士除味器",
        "img":"./img/cainixih6.webp",
        "price":"239"
    }
]