[
  {
    "gid": "oc73bd039ebabc5e1",
    "url": "https://shop.io.mi-img.com/app/shop/img?id=shop_54ca70fc076091c2584b65b68353476d.jpeg&w=270&h=300&t=webp",
    "link": "https://home.mi.com/app/shop/content?id=oc73bd039ebabc5e1"
  },
  {
    "gid": "s8939d03918810635",
    "url": "https://shop.io.mi-img.com/app/shop/img?id=shop_d71c74bce7255baff40ac979ec47f282.png&w=270&h=300&t=webp",
    "link": "https://home.mi.com/app/shop/content?id=s8939d03918810635"
  },
  {
    "gid": "oed6fd0393b6297e1",
    "url": "https://shop.io.mi-img.com/app/shop/img?id=shop_a07dceacd5b42d513fa36b7dc5cbe3eb.jpeg&w=270&h=300&t=webp",
    "link": "https://home.mi.com/activity?cid=oed6fd0393b6297e1"
  },
  {
    "gid": "t24cdd039aac1ae76",
    "url": "https://shop.io.mi-img.com/app/shop/img?id=shop_0e5a7c4ff9ae447f9bcca643461bcf38.jpeg&w=270&h=300&t=webp",
    "link": "https://home.mi.com/app/shop/content?id=t24cdd039aac1ae76"
  },
  {
    "gid": "of210d0391acc6412",
    "url": "https://shop.io.mi-img.com/app/shop/img?id=shop_f3b0463f876a98e82d5e7592536472ce.jpeg&w=270&h=300&t=webp",
    "link": "https://home.mi.com/app/shop/content?id=of210d0391acc6412"
  }
]