[
  {
    "gid" : "18",
    "title":"8H",
    "url": "https://static.home.mi.com/app/shop/img?id=shop_54e499c796696b4729d09fef6fd265ac.jpeg&w=453&h=429&t=webp",
    "link":"/flagshipstore?id=18&title=8H"
  },
  {
    "gid" : "25",
    "title":"90分",
    "url": "https://static.home.mi.com/app/shop/img?id=shop_1a3e852b84897e0eca965fbc8c0ecf56.jpeg&w=453&h=429&t=webp",
    "link":"/flagshipstore?id=25&title=90分"
  },
  {
    "gid" : "69",
    "title":"Yeelight",
    "url": "https://static.home.mi.com/app/shop/img?id=shop_3d84b8c77e98ab7f329feaa4bf59a1be.jpeg&w=453&h=429&t=webp",
    "link":"/flagshipstore?id=69&title=Yeelight"
  },
  {
    "gid" : "262",
    "title":"一悟一什",
    "url": "https://static.home.mi.com/app/shop/img?id=shop_fef502fd9572c7fd97827703d2889a2e.jpeg&w=453&h=429&t=webp",
    "link":"/flagshipstore?id=262&title=一悟一什"
  },
  {
    "gid" : "68",
    "title":"云米",
    "url": "https://static.home.mi.com/app/shop/img?id=shop_0e72adae696db1442046208a821b40f8.jpeg&w=453&h=429&t=webp",
    "link":"/flagshipstore?id=68&title=云米"
  },
  {
    "gid" : "263",
    "title":"小吉",
    "url": "https://static.home.mi.com/app/shop/img?id=shop_796ae52154e1e70cdf4399340733da60.jpeg&w=453&h=429&t=webp",
    "link":"/flagshipstore?id=263&title=小吉"
  },
  {
    "gid" : "29",
    "title":"素士",
    "url": "https://static.home.mi.com/app/shop/img?id=shop_5c3cd0f15b0b67705af35e43e985901d.jpeg&w=453&h=429&t=webp",
    "link":"/flagshipstore?id=29&title=素士"
  },
  {
    "gid" : "21",
    "title":"最生活",
    "url": "https://static.home.mi.com/app/shop/img?id=shop_c4396107bf41747ea1691722df9e75e4.jpeg&w=453&h=429&t=webp",
    "link":"/flagshipstore?id=21&title=最生活"
  },
  {
    "gid" : "367",
    "title":"cottonsmith",
    "url": "https://shop.io.mi-img.com/app/shop/img?id=shop_d7536184c27801176c7bd586a2b4dafb.jpeg&w=360&h=360",
    "link":"/flagshipstore?id=367&title=cottonsmith"
  },
  {
    "gid" : "371",
    "title":"cottonsmith",
    "url": "https://shop.io.mi-img.com/app/shop/img?id=shop_99f459e8193141ffa60612a19026270a.jpeg&w=360&h=360",
    "link":"/flagshipstore?id=371&title=乐范"
  }
]