[
  {
    "gid" : "100360",
    "url": "https://shop.io.mi-img.com/app/shop/img?id=shop_4405bf86f79cf6ab040cda594160da4a.jpeg&w=1080&h=450&t=webp",
    "link":"/detail?gid=100360"
  },
  {
    "gid" : "137",
    "title": "8H天然乳胶床垫M1",
    "describe": "天然乳胶，0胶水环保材质，医用级物理防螨",
    "url": "https://static.home.mi.com/app/shop/img?id=shop_cfc0d6cfed8d56c05a419390955f8ca9.jpeg",
    "link":"/detail?gid=137",
    "price": 569,
    "mark":false
  },
  {
    "gid" : "100972",
    "title": "8H弹簧床垫被枕 轻暖套装",
    "describe": "乳胶弹簧床垫，3D七孔保暖被，护颈乳胶枕（一对）",
    "url": "https://shop.io.mi-img.com/app/shop/img?id=shop_c8efbdb5064032d6371c48b9e28ed454.jpeg",
    "link":"/detail?gid=100972",
    "price": 2266,
    "mark":true
  },
  {
    "gid" : "435",
    "title": "Yeelight智能LED吸顶灯",
    "describe": "5分钟快装，智能自然光",
    "url": "https://static.home.mi.com/app/shop/img?id=shop_5a93d8881f238a36563336d0bb1bee03.jpeg",
    "link":"/detail?gid=435",
    "price": 349,
    "mark":false
  },
  {
    "gid" : "688",
    "title": "独立袋装弹簧布艺沙发",
    "describe": "万元级配置，0螺丝组装",
    "url": "https://static.home.mi.com/app/shop/img?id=shop_22815c6fda223c509e97bc8f4a3bd7e2.jpeg",
    "link":"/detail?gid=688",
    "price": 1119,
    "mark":false
  },
  {
    "gid" : "137",
    "title": "8H天然乳胶床垫M1",
    "describe": "天然乳胶，0胶水环保材质，医用级物理防螨",
    "url": "https://static.home.mi.com/app/shop/img?id=shop_cfc0d6cfed8d56c05a419390955f8ca9.jpeg",
    "link":"/detail?gid=137",
    "price": 569,
    "mark":false
  },
  {
    "gid" : "100972",
    "title": "8H弹簧床垫被枕 轻暖套装",
    "describe": "乳胶弹簧床垫，3D七孔保暖被，护颈乳胶枕（一对）",
    "url": "https://shop.io.mi-img.com/app/shop/img?id=shop_c8efbdb5064032d6371c48b9e28ed454.jpeg",
    "link":"/detail?gid=100972",
    "price": 2266,
    "mark":true
  },
  {
    "gid" : "435",
    "title": "Yeelight智能LED吸顶灯",
    "describe": "5分钟快装，智能自然光",
    "url": "https://static.home.mi.com/app/shop/img?id=shop_5a93d8881f238a36563336d0bb1bee03.jpeg",
    "link":"/detail?gid=435",
    "price": 349,
    "mark":false
  },
  {
    "gid" : "688",
    "title": "独立袋装弹簧布艺沙发",
    "describe": "万元级配置，0螺丝组装",
    "url": "https://static.home.mi.com/app/shop/img?id=shop_22815c6fda223c509e97bc8f4a3bd7e2.jpeg",
    "link":"/detail?gid=688",
    "price": 1119,
    "mark":false
  },
  {
    "gid" : "137",
    "title": "8H天然乳胶床垫M1",
    "describe": "天然乳胶，0胶水环保材质，医用级物理防螨",
    "url": "https://static.home.mi.com/app/shop/img?id=shop_cfc0d6cfed8d56c05a419390955f8ca9.jpeg",
    "link":"/detail?gid=137",
    "price": 569,
    "mark":false
  },
  {
    "gid" : "100972",
    "title": "8H弹簧床垫被枕 轻暖套装",
    "describe": "乳胶弹簧床垫，3D七孔保暖被，护颈乳胶枕（一对）",
    "url": "https://shop.io.mi-img.com/app/shop/img?id=shop_c8efbdb5064032d6371c48b9e28ed454.jpeg",
    "link":"/detail?gid=100972",
    "price": 2266,
    "mark":true
  },
  {
    "gid" : "435",
    "title": "Yeelight智能LED吸顶灯",
    "describe": "5分钟快装，智能自然光",
    "url": "https://static.home.mi.com/app/shop/img?id=shop_5a93d8881f238a36563336d0bb1bee03.jpeg",
    "link":"/detail?gid=435",
    "price": 349,
    "mark":false
  },
  {
    "gid" : "688",
    "title": "独立袋装弹簧布艺沙发",
    "describe": "万元级配置，0螺丝组装",
    "url": "https://static.home.mi.com/app/shop/img?id=shop_22815c6fda223c509e97bc8f4a3bd7e2.jpeg",
    "link":"/detail?gid=688",
    "price": 1119,
    "mark":false
  },
  {
    "gid" : "137",
    "title": "8H天然乳胶床垫M1",
    "describe": "天然乳胶，0胶水环保材质，医用级物理防螨",
    "url": "https://static.home.mi.com/app/shop/img?id=shop_cfc0d6cfed8d56c05a419390955f8ca9.jpeg",
    "link":"/detail?gid=137",
    "price": 569,
    "mark":false
  },
  {
    "gid" : "100972",
    "title": "8H弹簧床垫被枕 轻暖套装",
    "describe": "乳胶弹簧床垫，3D七孔保暖被，护颈乳胶枕（一对）",
    "url": "https://shop.io.mi-img.com/app/shop/img?id=shop_c8efbdb5064032d6371c48b9e28ed454.jpeg",
    "link":"/detail?gid=100972",
    "price": 2266,
    "mark":true
  },
  {
    "gid" : "435",
    "title": "Yeelight智能LED吸顶灯",
    "describe": "5分钟快装，智能自然光",
    "url": "https://static.home.mi.com/app/shop/img?id=shop_5a93d8881f238a36563336d0bb1bee03.jpeg",
    "link":"/detail?gid=435",
    "price": 349,
    "mark":false
  },
  {
    "gid" : "688",
    "title": "独立袋装弹簧布艺沙发",
    "describe": "万元级配置，0螺丝组装",
    "url": "https://static.home.mi.com/app/shop/img?id=shop_22815c6fda223c509e97bc8f4a3bd7e2.jpeg",
    "link":"/detail?gid=688",
    "price": 1119,
    "mark":false
  }
]
