[
  {
    "gid" : "100264",
    "url": "https://shop.io.mi-img.com/app/shop/img?id=shop_ee52906c3fe5f3c9b231aa3f0038f927.jpeg&w=1080&h=450",
    "link":"/detail?gid=100264"
  },
  {
    "gid" : "",
    "title": "日用",
    "url": "https://shop.io.mi-img.com/app/shop/img?id=shop_eb221ed3eaa4c2c6ed02a88a55c1934c.jpeg&w=480&h=480",
    "link":""
  },
  {
    "gid" : "",
    "title": "纸品湿巾",
    "url": "https://shop.io.mi-img.com/app/shop/img?id=shop_fcdcb72903331344e44524f977a8c10c.jpeg&w=480&h=480",
    "link":""
  },
  {
    "gid" : "",
    "title": "工具",
    "url": "https://shop.io.mi-img.com/app/shop/img?id=shop_dadefdd488364041f8b8c6304a455c2c.jpeg&w=480&h=480",
    "link":""
  },
  {
    "gid" : "",
    "title": "清洁",
    "url": "https://shop.io.mi-img.com/app/shop/img?id=shop_02fc48624dcd4b2e956325a5b4379eba.jpeg&w=480&h=480",
    "link":""
  },
  {
    "gid" : "",
    "title": "文具",
    "url": "https://shop.io.mi-img.com/app/shop/img?id=shop_ed522a51c6cf25cbee3e28bf7e26247d.jpeg&w=480&h=480",
    "link":""
  },
  {
    "gid" : "",
    "title": "收纳",
    "url": "https://shop.io.mi-img.com/app/shop/img?id=shop_c079786caf8c4ffa83f7fc986616d099.jpeg&w=480&h=480",
    "link":""
  }
]