[
  {
    "gid" : "100264",
    "url": "https://shop.io.mi-img.com/app/shop/img?id=shop_6c6ed95f437649e08fb9d25fbd36cee6.jpeg&w=786&h=395",
    "link":"/detail?gid=100264"
  },
  {
    "gid" : "",
    "title": "康体监护",
    "url": "https://shop.io.mi-img.com/app/shop/img?id=shop_21b196a25dc9ee9958e9da682da6d454.jpeg&w=480&h=480",
    "link":""
  },
  {
    "gid" : "",
    "title": "运动健身",
    "url": "https://shop.io.mi-img.com/app/shop/img?id=shop_7f355a1f8ed1f5d7ce82ae015028b917.jpeg&w=480&h=480",
    "link":""
  },
  {
    "gid" : "",
    "title": "护理护具",
    "url": "https://shop.io.mi-img.com/app/shop/img?id=shop_bb029c120dd33e39b6b53f5a8b1f1dd5.jpeg&w=480&h=480",
    "link":""
  },
  {
    "gid" : "",
    "title": "保健器械",
    "url": "https://shop.io.mi-img.com/app/shop/img?id=shop_fdfe7dff94cc1c6de79478106c8f40e3.jpeg&w=480&h=480",
    "link":""
  }
]