[
  {
    "gid":"",
    "title":"玩具",
    "url":"https://shop.io.mi-img.com/app/shop/img?id=shop_451182dc4012e7f9362284bdd42d2581.jpeg&w=480&h=480",
    "link":""
  },
  {
    "gid":"",
    "title":"儿童穿戴",
    "url":"https://shop.io.mi-img.com/app/shop/img?id=shop_3d448528dc61adf0b921dedd5048acc1.jpeg&w=480&h=480",
    "link":""
  },
  {
    "gid":"",
    "title":"洗护&喂养",
    "url":"https://shop.io.mi-img.com/app/shop/img?id=shop_ddb1629968ce55d6f844acecc8f6ab0f.jpeg&w=480&h=480",
    "link":""
  },
  {
    "gid":"",
    "title":"寝居",
    "url":"https://shop.io.mi-img.com/app/shop/img?id=shop_79ba84913ac80ea3e46a292f8ab85b5c.jpeg&w=480&h=480",
    "link":""
  },
  {
    "gid":"",
    "title":"服饰箱包",
    "url":"https://shop.io.mi-img.com/app/shop/img?id=shop_9c87f89fcdb2b721cf05460eb3bd6569.jpeg&w=480&h=480",
    "link":""
  }
]