[
  {
    "gid":"",
    "title":"口腔清洁",
    "url":"https://shop.io.mi-img.com/app/shop/img?id=shop_e81fd1854197733f4a73d9b6bc200437.jpeg&w=480&h=480",
    "link":""
  },
  {
    "gid":"",
    "title":"洗护工具",
    "url":"https://shop.io.mi-img.com/app/shop/img?id=shop_545c9c4ed32e5f393d21ea3f751a9fc4.jpeg&w=480&h=480",
    "link":""
  },
  {
    "gid":"",
    "title":"毛巾浴巾",
    "url":"https://shop.io.mi-img.com/app/shop/img?id=shop_529e4f4d1a5805b89dac95414475635d.jpeg&w=480&h=480",
    "link":""
  },
  {
    "gid":"",
    "title":"基础护肤",
    "url":"https://shop.io.mi-img.com/app/shop/img?id=shop_ae64548dd796db3f66514a802039c2e4.jpeg&w=480&h=480",
    "link":""
  },
  {
    "gid":"",
    "title":"身体护理",
    "url":"https://shop.io.mi-img.com/app/shop/img?id=shop_cc4e8dbe33354b0ea07db8cea2cff502.jpeg&w=480&h=480",
    "link":""
  }
]