[
  {
    "gid":"",
    "title":"骑行",
    "url":"https://shop.io.mi-img.com/app/shop/img?id=shop_4d15d90a65eeac62f98a5c21cabb986b.jpeg&w=480&h=480",
    "link":""
  },
  {
    "gid":"",
    "title":"汽车用品",
    "url":"https://shop.io.mi-img.com/app/shop/img?id=shop_290b8649afbb638d8fe301a63a39dc56.jpeg&w=480&h=480",
    "link":""
  },
  {
    "gid":"",
    "title":"户外",
    "url":"https://shop.io.mi-img.com/app/shop/img?id=shop_a34c5fb03c1c425e475f84f8010c6023.jpeg&w=480&h=480",
    "link":""
  }
]