[
  {
    "gid":"",
    "title":"小米笔记本Air",
    "url":"https://shop.io.mi-img.com/app/shop/img?id=shop_aa7066b2b2635d55b7024d2702b07592.jpeg&w=480&h=480",
    "link":""
  },
  {
    "gid":"",
    "title":"小米笔记本Pro",
    "url":"https://shop.io.mi-img.com/app/shop/img?id=shop_4a1560f8bed918c3cd9681fe12c28808.jpeg&w=480&h=480",
    "link":""
  },
  {
    "gid":"",
    "title":"智能家庭套装",
    "url":"https://shop.io.mi-img.com/app/shop/img?id=shop_3ddbdb1102e4d4136cadd08daf023ca4.jpeg&w=480&h=480",
    "link":""
  },
  {
    "gid":"",
    "title":"安防",
    "url":"https://shop.io.mi-img.com/app/shop/img?id=shop_074b1331a57c22d713ff5688ee7b3835.jpeg&w=480&h=480",
    "link":""
  },
  {
    "gid":"",
    "title":"网关/传感器",
    "url":"https://shop.io.mi-img.com/app/shop/img?id=shop_26d03c5c9c089f55f6433cdcfceb48e9.jpeg&w=240&h=240",
    "link":""
  }
]