[
  {
    "gid":"",
    "title":"背包",
    "url":"https://shop.io.mi-img.com/app/shop/img?id=shop_31ea4ce719cb815d6e7764430f6f5ffd.jpeg&w=480&h=480",
    "link":""
  },
  {
    "gid":"",
    "title":"旅行箱",
    "url":"https://shop.io.mi-img.com/app/shop/img?id=shop_e8d6e04691e0532a06c0fc88732ae52d.jpeg&w=480&h=480",
    "link":""
  },
  {
    "gid":"",
    "title":"钱包/卡包",
    "url":"https://shop.io.mi-img.com/app/shop/img?id=shop_20424a78ccc218d4b93b299f6a544525.jpeg&w=480&h=480",
    "link":""
  },
  {
    "gid":"",
    "title":"功能箱包",
    "url":"https://shop.io.mi-img.com/app/shop/img?id=shop_e526e143bb1509db34b4c45b17d0bfd0.jpeg&w=480&h=480",
    "link":""
  }
]