[
  {
    "gid": "oed6fd0393b6297e1",
    "title": "青米插线板（三孔位）",
    "describe": "",
    "url": "https://static.home.mi.com/app/shop/img?id=shop_954d8bee31cf91966c14d93734e9ad28.jpeg&t=webp",
    "link": "/activity?cid=oed6fd0393b6297e1",
    "ratednum": 1000,
    "soldnum": 640,
    "price": 28,
    "oprice": 35
  },
  {
    "gid": "oed6fd0393b6297e1",
    "title": "多口USB电源适配器",
    "describe": "",
    "url": "https://static.home.mi.com/app/shop/img?id=shop_0c4c1cde7e2ff397ea4bbc24bb16cd1a.jpeg&t=webp",
    "link": "/activity?cid=oed6fd0393b6297e1",
    "ratednum": 2000,
    "soldnum": 640,
    "price": 129,
    "oprice": 169
  },
  {
    "gid": "oed6fd0393b6297e1",
    "title": "萌托斯·法式手工甜品",
    "describe": "",
    "url": "https://shop.io.mi-img.com/app/shop/img?id=shop_093f784845f89d87fa711f433c78f1a9.jpeg&t=webp",
    "link": "/activity?cid=oed6fd0393b6297e1",
    "ratednum": 1000,
    "soldnum": 800,
    "price": 99,
    "oprice": 109
  },
  {
    "gid": "oed6fd0393b6297e1",
    "title": "极米Z5家用智能投影",
    "describe": "",
    "url": "https://shop.io.mi-img.com/app/shop/img?id=shop_7372aeb265665cc1134cdf9608bf069b.jpeg&t=webp",
    "link": "/activity?cid=oed6fd0393b6297e1",
    "ratednum": 1000,
    "soldnum": 430,
    "price": 2599,
    "oprice": 3499
  }
]