[
  {
    "id":"G0001",
    "linkName":"有品推荐"
  },
  {
    "id":"G0002",
    "linkName":"居家"
  },
  {
    "id":"G0003",
    "linkName":"家电"
  },
  {
    "id":"G0004",
    "linkName":"手机"
  },
  {
    "id":"G0005",
    "linkName":"影音"
  },
  {
    "id":"G0006",
    "linkName":"日杂"
  },
  {
    "id":"G0007",
    "linkName":"服饰"
  },
  {
    "id":"G0008",
    "linkName":"健康"
  },
  {
    "id":"G0009",
    "linkName":"餐厨"
  },
  {
    "id":"G0010",
    "linkName":"智能"
  },
  {
    "id":"G0011",
    "linkName":"洗护"
  },
  {
    "id":"G0012",
    "linkName":"箱包"
  },
  {
    "id":"G0013",
    "linkName":"婴童"
  },
  {
    "id":"G0014",
    "linkName":"饮食"
  },
  {
    "id":"G0015",
    "linkName":"配件"
  },
  {
    "id":"G0016",
    "linkName":"出行"
  },
  {
    "id":"G0017",
    "linkName":"品牌"
  }
]