[
  {
    "gid": "101004",
    "title": "圈厨多功能家用电火锅",
    "describe": "360°环形加热，1500W大功率，食品级不沾涂层，4L大容量",
    "url": "https://shop.io.mi-img.com/app/shop/img?id=shop_acbd8624ea4eb6bf09ba424ac2a82049.png&w=1080&h=546&t=webp",
    "link": "/detail?gid=101004",
    "price": 239
  },
  {
    "gid": "100994",
    "title": "雪荞·小荞酒 清香型白酒",
    "describe": "古法苦荞酿 雅致荞麦香  好喝回味长  已售3万瓶",
    "url": "https://shop.io.mi-img.com/app/shop/img?id=shop_6c15b15e184bfd4fd604a1052683edef.jpeg&w=540&h=846&t=webp",
    "link": "/detail?gid=100994",
    "price": 19.9
  },
  {
    "gid": "100965",
    "title": "须眉电吹风",
    "describe": "",
    "url": "https://shop.io.mi-img.com/app/shop/img?id=shop_68ec22a58c9f08ee4c7dddb62f20662f.png&w=540&h=420&t=webp",
    "link": "/detail?gid=100965",
    "price": 169
  },
  {
    "gid": "100918",
    "title": "不上火的人参茶-人参玉竹 108g",
    "describe": "",
    "url": "https://shop.io.mi-img.com/app/shop/img?id=shop_67950a18a9647fd5d03eb4ec37a861e9.png&w=540&h=420&t=webp",
    "link": "/detail?gid=100918",
    "price": 399
  }
]