[
  {
    "article_id": 1141,
    "url": "https://static.home.mi.com/app/shop/content?aid=qcfdc5039b04b3193&v=1503656833",
    "display_mode": 1,
    "from": "品味",
    "title": "不去海底捞，家里做饭更健康",
    "subtitle": "稻壳砧板为何在国外火热",
    "pic_url": "https://shop.io.mi-img.com/app/shop/img?id=shop_246bf0cb90a80b76215511294f86a134.jpeg&w=1080&h=501",
    "pic_urls": [
      "https://shop.io.mi-img.com/app/shop/img?id=shop_246bf0cb90a80b76215511294f86a134.jpeg&w=1080&h=501"
    ],
    "favor": 0,
    "like": 0,
    "hit": 28881
  },
  {
    "article_id": 1140,
    "url": "https://static.home.mi.com/app/shop/content?aid=p2878503985df23b2&v=1503648502",
    "display_mode": 1,
    "from": "品味",
    "title": "【开学新玩物】小米VR眼镜轻体验",
    "subtitle": "这是一个被人忽视的好玩产品",
    "pic_url": "https://shop.io.mi-img.com/app/shop/img?id=shop_b2eebc99d9f41ea4f53895ece4eead3d.jpeg&w=960&h=480",
    "pic_urls": [
      "https://shop.io.mi-img.com/app/shop/img?id=shop_b2eebc99d9f41ea4f53895ece4eead3d.jpeg&w=960&h=480"
    ],
    "favor": 0,
    "like": 0,
    "hit": 33698
  },
  {
    "article_id": 1138,
    "url": "https://static.home.mi.com/app/shop/content?aid=nd9b050390ff817f0&v=1503890132",
    "display_mode": 1,
    "from": "品味",
    "title": "带你探秘小米羽绒服制作工厂",
    "subtitle": "看看小米羽绒服中隐藏的黑科技",
    "pic_url": "https://shop.io.mi-img.com/app/shop/img?id=shop_decffe0817083547c1cb6a6fb081618d.jpeg&w=960&h=480",
    "pic_urls": [
      "https://shop.io.mi-img.com/app/shop/img?id=shop_decffe0817083547c1cb6a6fb081618d.jpeg&w=960&h=480"
    ],
    "favor": 0,
    "like": 0,
    "hit": 39463
  },
  {
    "article_id": 1139,
    "url": "https://static.home.mi.com/app/shop/content?aid=o811450394a6425d1&v=1503588211",
    "display_mode": 1,
    "from": "品味",
    "title": "92%的人使用毛巾方式错误？",
    "subtitle": "教你使用毛巾的正确姿势",
    "pic_url": "https://shop.io.mi-img.com/app/shop/img?id=shop_8e610ba985827ab224c9916f22e4f046.jpeg&w=960&h=480",
    "pic_urls": [
      "https://shop.io.mi-img.com/app/shop/img?id=shop_8e610ba985827ab224c9916f22e4f046.jpeg&w=960&h=480"
    ],
    "favor": 0,
    "like": 0,
    "hit": 30368
  },
  {
    "article_id": 1137,
    "url": "https://static.home.mi.com/app/shop/content?aid=md9b050390ff817f0&v=1505312372",
    "display_mode": 1,
    "from": "品味",
    "title": "【新品】TS成人游泳眼镜开售",
    "subtitle": "最通透的眼镜，打开水下新视野",
    "pic_url": "https://shop.io.mi-img.com/app/shop/img?id=shop_ac736dd718914eee1ed415690ca895d9.jpeg&w=960&h=480",
    "pic_urls": [
      "https://shop.io.mi-img.com/app/shop/img?id=shop_ac736dd718914eee1ed415690ca895d9.jpeg&w=960&h=480"
    ],
    "favor": 0,
    "like": 0,
    "hit": 23782
  },
  {
    "article_id": 1136,
    "url": "https://static.home.mi.com/app/shop/content?aid=vb7465039510041d7&v=1503541963",
    "display_mode": 1,
    "from": "品味",
    "title": "除了秀和买，七夕还能怎么过？",
    "subtitle": "聊聊不同情侣的不同爱情",
    "pic_url": "https://shop.io.mi-img.com/app/shop/img?id=shop_9d81c60ec6b373e7f33cfa799b91121a.jpeg&w=1080&h=540",
    "pic_urls": [
      "https://shop.io.mi-img.com/app/shop/img?id=shop_9d81c60ec6b373e7f33cfa799b91121a.jpeg&w=1080&h=540"
    ],
    "favor": 0,
    "like": 0,
    "hit": 11729
  },
  {
    "article_id": 1135,
    "url": "https://static.home.mi.com/app/shop/content?aid=u0fe25039269433f6&v=1503470803",
    "display_mode": 1,
    "from": "品味",
    "title": "【首发】红米Note 5A高清图赏",
    "subtitle": "高配版香槟金配色少量现货",
    "pic_url": "https://shop.io.mi-img.com/app/shop/img?id=shop_63b040e6569f80a72b26224527c4e1d6.jpeg&w=960&h=480",
    "pic_urls": [
      "https://shop.io.mi-img.com/app/shop/img?id=shop_63b040e6569f80a72b26224527c4e1d6.jpeg&w=960&h=480"
    ],
    "favor": 0,
    "like": 0,
    "hit": 14724
  },
  {
    "article_id": 1134,
    "url": "https://static.home.mi.com/app/shop/content?aid=t687e5039ea292516&v=1503468230",
    "display_mode": 1,
    "from": "品味",
    "title": "小米运动蓝牙耳机 mini 体验评测",
    "subtitle": "更小巧，更舒适的蓝牙耳机",
    "pic_url": "https://shop.io.mi-img.com/app/shop/img?id=shop_fb365c4396aabf0433e56bdd004d1ff3.jpeg&w=960&h=480",
    "pic_urls": [
      "https://shop.io.mi-img.com/app/shop/img?id=shop_fb365c4396aabf0433e56bdd004d1ff3.jpeg&w=960&h=480"
    ],
    "favor": 0,
    "like": 0,
    "hit": 19604
  },
  {
    "article_id": 1133,
    "url": "https://static.home.mi.com/app/shop/content?aid=sc11a5039afbd1735&v=1508175209",
    "display_mode": 1,
    "from": "品味",
    "title": "一切刚刚好的无染三层畅享包",
    "subtitle": "活动促销价69元/箱",
    "pic_url": "https://shop.io.mi-img.com/app/shop/img?id=shop_3236cb3cb90e8c51f0963d04091b4883.jpeg&w=960&h=480",
    "pic_urls": [
      "https://shop.io.mi-img.com/app/shop/img?id=shop_3236cb3cb90e8c51f0963d04091b4883.jpeg&w=960&h=480"
    ],
    "favor": 0,
    "like": 0,
    "hit": 15702
  },
  {
    "article_id": 1131,
    "url": "https://static.home.mi.com/app/shop/content?aid=q7252503939e60b73&v=1503401025",
    "display_mode": 1,
    "from": "品味",
    "title": "红米Note 5A正式发布",
    "subtitle": "高颜值高品质 699元起",
    "pic_url": "https://shop.io.mi-img.com/app/shop/img?id=shop_6bbc92629d4c0e21487fbabab73d3cb6.jpeg&w=960&h=480",
    "pic_urls": [
      "https://shop.io.mi-img.com/app/shop/img?id=shop_6bbc92629d4c0e21487fbabab73d3cb6.jpeg&w=960&h=480"
    ],
    "favor": 0,
    "like": 0,
    "hit": 14454
  },
  {
    "article_id": 1130,
    "url": "https://static.home.mi.com/app/shop/content?aid=pcaee5039fd7bfc92&v=1508167817",
    "display_mode": 1,
    "from": "品味",
    "title": "带你揭秘花花草草秘密培育基地",
    "subtitle": "玫瑰到底是怎样生长的？",
    "pic_url": "https://shop.io.mi-img.com/app/shop/img?id=shop_11234685b8f13f897cdb63ed7f0fff21.jpeg&w=960&h=480",
    "pic_urls": [
      "https://shop.io.mi-img.com/app/shop/img?id=shop_11234685b8f13f897cdb63ed7f0fff21.jpeg&w=960&h=480"
    ],
    "favor": 0,
    "like": 0,
    "hit": 18231
  },
  {
    "article_id": 1129,
    "url": "https://static.home.mi.com/app/shop/content?aid=o238a5039c210feb1&v=1503460117",
    "display_mode": 1,
    "from": "品味",
    "title": "【新品】米家小相机正式开售",
    "subtitle": "这也许是最便宜的4K产品了",
    "pic_url": "https://static.home.mi.com/app/shop/img?id=shop_16d2a84eb015900e3db4b866fcb134d4.jpeg&w=960&h=480",
    "pic_urls": [
      "https://static.home.mi.com/app/shop/img?id=shop_16d2a84eb015900e3db4b866fcb134d4.jpeg&w=960&h=480"
    ],
    "favor": 0,
    "like": 0,
    "hit": 25018
  },
  {
    "article_id": 1128,
    "url": "https://static.home.mi.com/app/shop/content?aid=n7c26503987a4e0e0&v=1503312954",
    "display_mode": 1,
    "from": "品味",
    "title": "红米Note 5A今晚19点30分发布",
    "subtitle": "高颜值自拍手机，别错过",
    "pic_url": "https://static.home.mi.com/app/shop/img?id=shop_2d5b458a0b435536fc708f4ab4efc649.jpeg&w=1080&h=607",
    "pic_urls": [
      "https://static.home.mi.com/app/shop/img?id=shop_2d5b458a0b435536fc708f4ab4efc649.jpeg&w=1080&h=607"
    ],
    "favor": 0,
    "like": 0,
    "hit": 18088
  },
  {
    "article_id": 1127,
    "url": "https://static.home.mi.com/app/shop/content?aid=m7c26503987a4e0e0&v=1503312350",
    "display_mode": 1,
    "from": "品味",
    "title": "让女生怦然心动的产品排行",
    "subtitle": "这些产品女生不容错过",
    "pic_url": "https://static.home.mi.com/app/shop/img?id=shop_1e5806e29a80803659befd9fedec4b8a.jpeg&w=960&h=480",
    "pic_urls": [
      "https://static.home.mi.com/app/shop/img?id=shop_1e5806e29a80803659befd9fedec4b8a.jpeg&w=960&h=480"
    ],
    "favor": 0,
    "like": 0,
    "hit": 19985
  },
  {
    "article_id": 1125,
    "url": "https://static.home.mi.com/app/shop/content?aid=ue9fb5039aa33d8b7&v=1503298273",
    "display_mode": 1,
    "from": "品味",
    "title": "小米5拍摄私房照是怎样一种感受",
    "subtitle": "手机摄影也能让你震撼",
    "pic_url": "https://static.home.mi.com/app/shop/img?id=shop_d57f8f505f814b8d21df942dd339d14d.jpeg&w=960&h=480",
    "pic_urls": [
      "https://static.home.mi.com/app/shop/img?id=shop_d57f8f505f814b8d21df942dd339d14d.jpeg&w=960&h=480"
    ],
    "favor": 0,
    "like": 0,
    "hit": 12489
  },
  {
    "article_id": 1126,
    "url": "https://static.home.mi.com/app/shop/content?aid=V4c6b5039cd85a044&v=1503287975",
    "display_mode": 1,
    "from": "品味",
    "title": "有品816嗨购节战报来啦",
    "subtitle": "买爆品！上有品！",
    "pic_url": "https://static.home.mi.com/app/shop/img?id=shop_11dd8883a3b2d35cd9dcc4003001e851.jpeg&w=960&h=480",
    "pic_urls": [
      "https://static.home.mi.com/app/shop/img?id=shop_11dd8883a3b2d35cd9dcc4003001e851.jpeg&w=960&h=480"
    ],
    "favor": 0,
    "like": 0,
    "hit": 17501
  },
  {
    "article_id": 1124,
    "url": "https://static.home.mi.com/app/shop/content?aid=t429750397fc7cad6&v=1503046412",
    "display_mode": 1,
    "from": "品味",
    "title": "快来看看别人保持身材的秘密武器",
    "subtitle": "入秋减肥正当时",
    "pic_url": "https://static.home.mi.com/app/shop/img?id=shop_b17dfb513e3dfcf57e49feee8f02e078.jpeg&w=960&h=480",
    "pic_urls": [
      "https://static.home.mi.com/app/shop/img?id=shop_b17dfb513e3dfcf57e49feee8f02e078.jpeg&w=960&h=480"
    ],
    "favor": 0,
    "like": 0,
    "hit": 18764
  },
  {
    "article_id": 1123,
    "url": "https://static.home.mi.com/app/shop/content?aid=s9b335039346cbcf5&v=1503041175",
    "display_mode": 1,
    "from": "品味",
    "title": "70迈智能后视镜美女图赏",
    "subtitle": "香车配美女，有颜有料还智能！",
    "pic_url": "https://static.home.mi.com/app/shop/img?id=shop_68adaff4f603456043e5a61fa41c3bb2.jpeg&w=960&h=480",
    "pic_urls": [
      "https://static.home.mi.com/app/shop/img?id=shop_68adaff4f603456043e5a61fa41c3bb2.jpeg&w=960&h=480"
    ],
    "favor": 0,
    "like": 0,
    "hit": 51977
  },
  {
    "article_id": 1122,
    "url": "https://static.home.mi.com/app/shop/content?aid=rf3cf5039f8f0be15&v=1503029668",
    "display_mode": 1,
    "from": "品味",
    "title": "【新品】米兔儿童书包正式开售",
    "subtitle": "孩子的好伙伴，为开学季献礼",
    "pic_url": "https://static.home.mi.com/app/shop/img?id=shop_5761d576def3d348e151692f371a4946.jpeg&w=960&h=480",
    "pic_urls": [
      "https://static.home.mi.com/app/shop/img?id=shop_5761d576def3d348e151692f371a4946.jpeg&w=960&h=480"
    ],
    "favor": 0,
    "like": 0,
    "hit": 21975
  },
  {
    "article_id": 1121,
    "url": "https://static.home.mi.com/app/shop/content?aid=q4c6b5039cd85a044&v=1502976169",
    "display_mode": 1,
    "from": "品味",
    "title": "三代传承，只为一张好纸",
    "subtitle": "每一张纸，都是竹海的“味道”",
    "pic_url": "https://static.home.mi.com/app/shop/img?id=shop_f07eb135305506390c6a691de522c527.jpeg&w=960&h=480",
    "pic_urls": [
      "https://static.home.mi.com/app/shop/img?id=shop_f07eb135305506390c6a691de522c527.jpeg&w=960&h=480"
    ],
    "favor": 0,
    "like": 0,
    "hit": 24968
  },
  {
    "article_id": 1120,
    "url": "https://static.home.mi.com/app/shop/content?aid=pa5075039822a9263&v=1502967599",
    "display_mode": 1,
    "from": "品味",
    "title": "小米 5X 人像拍照初体验",
    "subtitle": "相机看了会流泪，胶片看了会沉默",
    "pic_url": "https://static.home.mi.com/app/shop/img?id=shop_892d82cf45f467f6923317617d5ce7c8.jpeg&w=960&h=480",
    "pic_urls": [
      "https://static.home.mi.com/app/shop/img?id=shop_892d82cf45f467f6923317617d5ce7c8.jpeg&w=960&h=480"
    ],
    "favor": 0,
    "like": 0,
    "hit": 14109
  },
  {
    "article_id": 1117,
    "url": "https://static.home.mi.com/app/shop/content?aid=m563f50391c4386a1&v=1507803301",
    "display_mode": 1,
    "from": "品味",
    "title": "21日晚7点半，红米Note 5A来了",
    "subtitle": "Bin总为你亲自揭晓新品",
    "pic_url": "https://static.home.mi.com/app/shop/img?id=shop_da334235b00f0996e7df646225e58e41.jpeg&w=960&h=480",
    "pic_urls": [
      "https://static.home.mi.com/app/shop/img?id=shop_da334235b00f0996e7df646225e58e41.jpeg&w=960&h=480"
    ],
    "favor": 0,
    "like": 0,
    "hit": 13840
  },
  {
    "article_id": 1115,
    "url": "https://static.home.mi.com/app/shop/content?aid=u8c71503923ee92a7&v=1502871347",
    "display_mode": 1,
    "from": "品味",
    "title": "有品816热销产品排行榜",
    "subtitle": "选择恐惧症？看看别人买什么！",
    "pic_url": "https://static.home.mi.com/app/shop/img?id=shop_f20d34e0ea500e05d356a941a1dffa66.jpeg&w=960&h=480",
    "pic_urls": [
      "https://static.home.mi.com/app/shop/img?id=shop_f20d34e0ea500e05d356a941a1dffa66.jpeg&w=960&h=480"
    ],
    "favor": 0,
    "like": 0,
    "hit": 12456
  },
  {
    "article_id": 1113,
    "url": "https://static.home.mi.com/app/shop/content?aid=s3da95039bc0886e5&v=1502868925",
    "display_mode": 1,
    "from": "品味",
    "title": "小米一体织轻薄羽绒服全面大解析",
    "subtitle": "限时众筹中，升级不止一点点",
    "pic_url": "https://static.home.mi.com/app/shop/img?id=shop_19e504844076a1905a79d0c650d0ca62.jpeg&w=960&h=480",
    "pic_urls": [
      "https://static.home.mi.com/app/shop/img?id=shop_19e504844076a1905a79d0c650d0ca62.jpeg&w=960&h=480"
    ],
    "favor": 0,
    "like": 0,
    "hit": 22370
  },
  {
    "article_id": 1111,
    "url": "https://static.home.mi.com/app/shop/content?aid=qeee1503936317a24&v=1502853850",
    "display_mode": 1,
    "from": "品味",
    "title": "816重磅新品：云米智能冰箱来了",
    "subtitle": "让你的厨房生活更加美好",
    "pic_url": "https://static.home.mi.com/app/shop/img?id=shop_4db6f61262ef434f00e09cb7598d59b9.jpeg&w=1080&h=600",
    "pic_urls": [
      "https://static.home.mi.com/app/shop/img?id=shop_4db6f61262ef434f00e09cb7598d59b9.jpeg&w=1080&h=600"
    ],
    "favor": 0,
    "like": 0,
    "hit": 31822
  },
  {
    "article_id": 1109,
    "url": "https://static.home.mi.com/app/shop/content?aid=oa0195039cf5a5e62&v=1502871384",
    "display_mode": 1,
    "from": "品味",
    "title": "【必看】816嗨购节最全省钱攻略",
    "subtitle": "几点买什么，这份攻略告诉你！",
    "pic_url": "https://static.home.mi.com/app/shop/img?id=shop_8a31a0333bd2cfd03ca79064f6aa4a1a.jpeg&w=960&h=480",
    "pic_urls": [
      "https://static.home.mi.com/app/shop/img?id=shop_8a31a0333bd2cfd03ca79064f6aa4a1a.jpeg&w=960&h=480"
    ],
    "favor": 0,
    "like": 0,
    "hit": 18332
  },
  {
    "article_id": 1107,
    "url": "https://static.home.mi.com/app/shop/content?aid=mf8b5503984fe4091&v=1502793042",
    "display_mode": 1,
    "from": "品味",
    "title": "原来横着刷牙可以让牙齿更健康",
    "subtitle": "1分钟学会正确的刷牙方法",
    "pic_url": "https://static.home.mi.com/app/shop/img?id=shop_c557f02fe0b0b6e0f5a502a48566b2a7.jpeg&w=960&h=480",
    "pic_urls": [
      "https://static.home.mi.com/app/shop/img?id=shop_c557f02fe0b0b6e0f5a502a48566b2a7.jpeg&w=960&h=480"
    ],
    "favor": 0,
    "like": 0,
    "hit": 18590
  },
  {
    "article_id": 1105,
    "url": "https://static.home.mi.com/app/shop/content?aid=u2ee75039ab8a6c87&v=1502782795",
    "display_mode": 1,
    "from": "品味",
    "title": "816新品来袭 竟然只要99元！",
    "subtitle": "TS防蓝光护目镜正式开售",
    "pic_url": "https://static.home.mi.com/app/shop/img?id=shop_e012c3edd6898262135d99901238a01f.jpeg&w=960&h=480",
    "pic_urls": [
      "https://static.home.mi.com/app/shop/img?id=shop_e012c3edd6898262135d99901238a01f.jpeg&w=960&h=480"
    ],
    "favor": 0,
    "like": 0,
    "hit": 25443
  },
  {
    "article_id": 1103,
    "url": "https://static.home.mi.com/app/shop/content?aid=se01f503925b350d5&v=1502851754",
    "display_mode": 1,
    "from": "品味",
    "title": "【新品】骑记智能山地自行车开售",
    "subtitle": "简约轻奢新选择，众筹价1999元",
    "pic_url": "https://static.home.mi.com/app/shop/img?id=shop_054d7caec9cc946a7d6b3beb4b19185c.jpeg&w=1080&h=540",
    "pic_urls": [
      "https://static.home.mi.com/app/shop/img?id=shop_054d7caec9cc946a7d6b3beb4b19185c.jpeg&w=1080&h=540"
    ],
    "favor": 0,
    "like": 0,
    "hit": 23088
  },
  {
    "article_id": 1100,
    "url": "https://static.home.mi.com/app/shop/content?aid=pe9f3503973713633&v=1502791390",
    "display_mode": 1,
    "from": "品味",
    "title": "带你认识“有品”背后的男神们",
    "subtitle": "这是一个非常好看的广告",
    "pic_url": "https://static.home.mi.com/app/shop/img?id=shop_bec9a329d6816f2a0af21a020001ec8a.jpeg&w=1080&h=540",
    "pic_urls": [
      "https://static.home.mi.com/app/shop/img?id=shop_bec9a329d6816f2a0af21a020001ec8a.jpeg&w=1080&h=540"
    ],
    "favor": 0,
    "like": 0,
    "hit": 9957
  },
  {
    "article_id": 1099,
    "url": "https://static.home.mi.com/app/shop/content?aid=o428f503948062852&v=1508165944",
    "display_mode": 1,
    "from": "品味",
    "title": "Yeelight充电感应夜灯懂你多一点",
    "subtitle": "随性而动，因你而亮",
    "pic_url": "https://static.home.mi.com/app/shop/img?id=shop_0ce026f990d4b84ae7f7d51936454f50.jpeg&w=960&h=480",
    "pic_urls": [
      "https://static.home.mi.com/app/shop/img?id=shop_0ce026f990d4b84ae7f7d51936454f50.jpeg&w=960&h=480"
    ],
    "favor": 0,
    "like": 0,
    "hit": 22484
  },
  {
    "article_id": 1095,
    "url": "https://static.home.mi.com/app/shop/content?aid=ud15d503914363677&v=1502695701",
    "display_mode": 1,
    "from": "品味",
    "title": "其实恰到好处的遗憾也是一种美好",
    "subtitle": "【新品】 婉爱美乐干红葡萄酒开售",
    "pic_url": "https://static.home.mi.com/app/shop/img?id=shop_963bbc97224740d7ca4885b462b248d9.jpeg&w=960&h=480",
    "pic_urls": [
      "https://static.home.mi.com/app/shop/img?id=shop_963bbc97224740d7ca4885b462b248d9.jpeg&w=960&h=480"
    ],
    "favor": 0,
    "like": 0,
    "hit": 7379
  },
  {
    "article_id": 1096,
    "url": "https://static.home.mi.com/app/shop/content?aid=V33cd503937880ef3&v=1502684700",
    "display_mode": 1,
    "from": "品味",
    "title": "这个智能窗帘机让你爱上睡懒觉",
    "subtitle": "Aqara窗帘电机重磅回归",
    "pic_url": "https://static.home.mi.com/app/shop/img?id=shop_3a6862dc39aae7194eee2497cfd35c1c.jpeg&w=960&h=480",
    "pic_urls": [
      "https://static.home.mi.com/app/shop/img?id=shop_3a6862dc39aae7194eee2497cfd35c1c.jpeg&w=960&h=480"
    ],
    "favor": 0,
    "like": 0,
    "hit": 23934
  },
  {
    "article_id": 1092,
    "url": "https://static.home.mi.com/app/shop/content?aid=rdb31503962f31cd4&v=1502355922",
    "display_mode": 1,
    "from": "品味",
    "title": "【新品】智米全直流变频空调发布",
    "subtitle": "建立完整的家庭环境电器体系",
    "pic_url": "https://static.home.mi.com/app/shop/img?id=shop_38c59435c99a36616df4a2d0da8ea97f.jpeg&w=960&h=480",
    "pic_urls": [
      "https://static.home.mi.com/app/shop/img?id=shop_38c59435c99a36616df4a2d0da8ea97f.jpeg&w=960&h=480"
    ],
    "favor": 0,
    "like": 0,
    "hit": 91172
  },
  {
    "article_id": 1093,
    "url": "https://static.home.mi.com/app/shop/content?aid=s82955039ad5f1ab5&v=1502695728",
    "display_mode": 1,
    "from": "品味",
    "title": "米家行车记录仪实拍震撼闪电",
    "subtitle": "行车记录仪也能拍摄旅途大片",
    "pic_url": "https://static.home.mi.com/app/shop/img?id=shop_b7beee292c89f69949a6b78a64ee9375.jpeg&w=960&h=480",
    "pic_urls": [
      "https://static.home.mi.com/app/shop/img?id=shop_b7beee292c89f69949a6b78a64ee9375.jpeg&w=960&h=480"
    ],
    "favor": 0,
    "like": 0,
    "hit": 74279
  },
  {
    "article_id": 1088,
    "url": "https://static.home.mi.com/app/shop/content?aid=n3da150398546e361&v=1510107679",
    "display_mode": 1,
    "from": "品味",
    "title": "18张图告诉你声波电动牙刷怎么选",
    "subtitle": "米家声波电动牙刷明日10点开售",
    "pic_url": "https://static.home.mi.com/app/shop/img?id=shop_a4f03135b0ef3340b343c827fd057495.jpeg&w=960&h=480",
    "pic_urls": [
      "https://static.home.mi.com/app/shop/img?id=shop_a4f03135b0ef3340b343c827fd057495.jpeg&w=960&h=480"
    ],
    "favor": 0,
    "like": 0,
    "hit": 21814
  },
  {
    "article_id": 1089,
    "url": "https://static.home.mi.com/app/shop/content?aid=oe5055039b0b1f142&v=1502266247",
    "display_mode": 1,
    "from": "品味",
    "title": "【新品】米家wiha精修螺丝刀套装",
    "subtitle": "年轻人的第一把手动工具",
    "pic_url": "https://static.home.mi.com/app/shop/img?id=shop_bf429cb6b2779391198f1ca310fb9c7d.jpeg&w=960&h=480",
    "pic_urls": [
      "https://static.home.mi.com/app/shop/img?id=shop_bf429cb6b2779391198f1ca310fb9c7d.jpeg&w=960&h=480"
    ],
    "favor": 0,
    "like": 0,
    "hit": 61098
  },
  {
    "article_id": 1086,
    "url": "https://static.home.mi.com/app/shop/content?aid=Vd6435039af24d7e3&v=1502186907",
    "display_mode": 1,
    "from": "品味",
    "title": "【新品来了】爆款分体投影仪开售",
    "subtitle": "300吋大屏、6万部正版资源",
    "pic_url": "https://static.home.mi.com/app/shop/img?id=shop_c2798f14350b048ec056a78e605bfb76.jpeg&w=960&h=480",
    "pic_urls": [
      "https://static.home.mi.com/app/shop/img?id=shop_c2798f14350b048ec056a78e605bfb76.jpeg&w=960&h=480"
    ],
    "favor": 0,
    "like": 0,
    "hit": 35812
  },
  {
    "article_id": 1084,
    "url": "https://static.home.mi.com/app/shop/content?aid=tcc6f50395176f186&v=1502176071",
    "display_mode": 1,
    "from": "品味",
    "title": "小米816超值到尖叫 你准备好了吗",
    "subtitle": "8月10日-8月16日，一起来狂欢！",
    "pic_url": "https://static.home.mi.com/app/shop/img?id=shop_25a21cbd03aed2904d9813021cafb5a2.jpeg&w=960&h=480",
    "pic_urls": [
      "https://static.home.mi.com/app/shop/img?id=shop_25a21cbd03aed2904d9813021cafb5a2.jpeg&w=960&h=480"
    ],
    "favor": 0,
    "like": 0,
    "hit": 20486
  },
  {
    "article_id": 1082,
    "url": "https://static.home.mi.com/app/shop/content?aid=r7da75039ea9fd5c4&v=1502164718",
    "display_mode": 1,
    "from": "品味",
    "title": "创米小白摄像机值不值得买？",
    "subtitle": "红外夜视+移动侦测+双向语音",
    "pic_url": "https://static.home.mi.com/app/shop/img?id=shop_342cbdd2354d7bf7c3b681eac0cbb2ef.jpeg&w=960&h=480",
    "pic_urls": [
      "https://static.home.mi.com/app/shop/img?id=shop_342cbdd2354d7bf7c3b681eac0cbb2ef.jpeg&w=960&h=480"
    ],
    "favor": 0,
    "like": 0,
    "hit": 45249
  },
  {
    "article_id": 1080,
    "url": "https://static.home.mi.com/app/shop/content?aid=p2edf503974c8c903&v=1502109112",
    "display_mode": 1,
    "from": "品味",
    "title": "小米便携鼠标值不值得买？",
    "subtitle": "这篇轻体验文章告诉你答案",
    "pic_url": "https://static.home.mi.com/app/shop/img?id=shop_59952fcfadf4b18d9480cca754ee375f.jpeg&w=1080&h=540",
    "pic_urls": [
      "https://static.home.mi.com/app/shop/img?id=shop_59952fcfadf4b18d9480cca754ee375f.jpeg&w=1080&h=540"
    ],
    "favor": 0,
    "like": 0,
    "hit": 19448
  },
  {
    "article_id": 1077,
    "url": "https://static.home.mi.com/app/shop/content?aid=me0175039fde1bd41&v=1502091711",
    "display_mode": 1,
    "from": "品味",
    "title": "生活如此多娇，愿你我竭力发现",
    "subtitle": "美，其实一直与你有关……",
    "pic_url": "https://static.home.mi.com/app/shop/img?id=shop_503d07ace7279ef80eb8486fc3e7f9fd.jpeg&w=960&h=480",
    "pic_urls": [
      "https://static.home.mi.com/app/shop/img?id=shop_503d07ace7279ef80eb8486fc3e7f9fd.jpeg&w=960&h=480"
    ],
    "favor": 0,
    "like": 0,
    "hit": 19938
  },
  {
    "article_id": 1076,
    "url": "https://static.home.mi.com/app/shop/content?aid=V78b9503928df91d3&v=1502194262",
    "display_mode": 1,
    "from": "品味",
    "title": "【产品研究所】TS尼龙偏光太阳镜",
    "subtitle": "品质实测，真的抗摔",
    "pic_url": "https://static.home.mi.com/app/shop/img?id=shop_046c8a7174930af81c4187cfeb735c92.jpeg&w=960&h=480",
    "pic_urls": [
      "https://static.home.mi.com/app/shop/img?id=shop_046c8a7174930af81c4187cfeb735c92.jpeg&w=960&h=480"
    ],
    "favor": 0,
    "like": 0,
    "hit": 22469
  },
  {
    "article_id": 1073,
    "url": "https://static.home.mi.com/app/shop/content?aid=sc78150399ea6bd85&v=1501848691",
    "display_mode": 1,
    "from": "品味",
    "title": "第一期「你，好有品」x 李适",
    "subtitle": "有品人物系列访谈专题",
    "pic_url": "https://static.home.mi.com/app/shop/img?id=shop_f3f4a5d1b9550400852ea2e66555d8bd.jpeg&w=960&h=480",
    "pic_urls": [
      "https://static.home.mi.com/app/shop/img?id=shop_f3f4a5d1b9550400852ea2e66555d8bd.jpeg&w=960&h=480"
    ],
    "favor": 0,
    "like": 0,
    "hit": 19736
  },
  {
    "article_id": 1023,
    "url": "https://static.home.mi.com/app/shop/content?aid=se435d039a47f7016&v=1502078539",
    "display_mode": 1,
    "from": "品味",
    "title": "那些容易被人忽视的产品排行",
    "subtitle": "这些产品亲测好用",
    "pic_url": "https://static.home.mi.com/app/shop/img?id=shop_4413072c10d071b61f6be60ea7c9df21.jpeg&w=960&h=480",
    "pic_urls": [
      "https://static.home.mi.com/app/shop/img?id=shop_4413072c10d071b61f6be60ea7c9df21.jpeg&w=960&h=480"
    ],
    "favor": 0,
    "like": 0,
    "hit": 30957
  },
  {
    "article_id": 1070,
    "url": "https://static.home.mi.com/app/shop/content?aid=pd1555039ec6493f2&v=1501827675",
    "display_mode": 1,
    "from": "品味",
    "title": "小米 6 亮银探索版开箱",
    "subtitle": "七年的蜕变之路",
    "pic_url": "https://static.home.mi.com/app/shop/img?id=shop_b2ba6be1d7062d935dc2b655ba893090.jpeg&w=960&h=480",
    "pic_urls": [
      "https://static.home.mi.com/app/shop/img?id=shop_b2ba6be1d7062d935dc2b655ba893090.jpeg&w=960&h=480"
    ],
    "favor": 0,
    "like": 0,
    "hit": 34198
  },
  {
    "article_id": 1069,
    "url": "https://static.home.mi.com/app/shop/content?aid=o29f15039b1098512&v=1501826564",
    "display_mode": 1,
    "from": "品味",
    "title": "【首发评测】8H凉感记忆绵枕",
    "subtitle": "凉感面料真的会清凉么？",
    "pic_url": "https://static.home.mi.com/app/shop/img?id=shop_470989803bd8f344ba19edf95d437a9d.jpeg&w=960&h=480",
    "pic_urls": [
      "https://static.home.mi.com/app/shop/img?id=shop_470989803bd8f344ba19edf95d437a9d.jpeg&w=960&h=480"
    ],
    "favor": 0,
    "like": 0,
    "hit": 21097
  },
  {
    "article_id": 1067,
    "url": "https://static.home.mi.com/app/shop/content?aid=m828d5039769d7731&v=1501816609",
    "display_mode": 1,
    "from": "品味",
    "title": "小米可穿戴设备成全球出货量第一",
    "subtitle": "出货量超越苹果Fitbit",
    "pic_url": "https://static.home.mi.com/app/shop/img?id=shop_1c9a4d5f8442cd7f340891b259681bcb.jpeg&w=960&h=350",
    "pic_urls": [
      "https://static.home.mi.com/app/shop/img?id=shop_1c9a4d5f8442cd7f340891b259681bcb.jpeg&w=960&h=350"
    ],
    "favor": 0,
    "like": 0,
    "hit": 10945
  },
  {
    "article_id": 1065,
    "url": "https://static.home.mi.com/app/shop/content?aid=ub8bf50398d299337&v=1501754654",
    "display_mode": 1,
    "from": "品味",
    "title": "米家 vs Oclean One声波电动牙刷",
    "subtitle": "横向对比告诉你哪个更适合",
    "pic_url": "https://static.home.mi.com/app/shop/img?id=shop_d0ea554735a132100034f24def971aad.jpeg&w=1080&h=489",
    "pic_urls": [
      "https://static.home.mi.com/app/shop/img?id=shop_d0ea554735a132100034f24def971aad.jpeg&w=1080&h=489"
    ],
    "favor": 0,
    "like": 0,
    "hit": 19064
  },
  {
    "article_id": 1063,
    "url": "https://static.home.mi.com/app/shop/content?aid=s69f7503917528775&v=1501742050",
    "display_mode": 1,
    "from": "品味",
    "title": "【新品来了】创米智能摄像机上线",
    "subtitle": "这可能是最便宜的智能摄像机",
    "pic_url": "https://static.home.mi.com/app/shop/img?id=shop_ac1b6c7a17b595ceaa9875f9633bf040.jpeg&w=960&h=480",
    "pic_urls": [
      "https://static.home.mi.com/app/shop/img?id=shop_ac1b6c7a17b595ceaa9875f9633bf040.jpeg&w=960&h=480"
    ],
    "favor": 0,
    "like": 0,
    "hit": 23623
  }
]