[
  {
    "url": "https://shop.io.mi-img.com/app/shop/img?id=shop_9334c3fd5811978f84fe7035ae54b00d.jpeg&w=1080&h=450&crop=a_0_0_1080_480&t=webp",
    "link": "https://home.mi.com/app/shopv3/site/0118"
  },
  {
    "url": "https://shop.io.mi-img.com/app/shop/img?id=shop_800b78d4c2287c6c7a3681076f9b1606.jpeg&w=1080&h=450&crop=a_0_0_1080_480&t=webp",
    "link": "https://home.mi.com/detail?gid=100400"
  },
  {
    "url": "https://shop.io.mi-img.com/app/shop/img?id=shop_a1e493684d4b9a60d2c4445e95960c81.jpeg&w=1080&h=450&crop=a_0_0_1080_480&t=webp",
    "link": "https://home.mi.com/app/shop/content?id=q283ad0390a96ed83"
  },
  {
    "url": "https://shop.io.mi-img.com/app/shop/img?id=shop_7f79014b3984f9a2ca0ccd989fee960a.jpeg&w=1080&h=450&crop=a_0_0_1080_480&t=webp",
    "link": "https://home.mi.com/app/shop/content?id=s8fa0d039077a9c85"
  },
  {
    "url": "https://shop.io.mi-img.com/app/shop/img?id=shop_940e96da0d8707e657c58c5d7278e64a.jpeg&w=1080&h=450&crop=a_0_0_1080_480&t=webp",
    "link": "https://home.mi.com/detail?gid=100982"
  }
]