[
  {
    "gid" : "738",
    "url": "https://shop.io.mi-img.com/app/shop/img?id=shop_1fabf3831a02221df5903990e607701e.jpeg&w=1080&h=450&t=webp",
    "link":"/detail?gid=738"
  },
  {
    "gid": "100991",
    "title": "Ticwatch 智能手表经典蓝宝石",
    "describe": "经典蓝宝石 气质非凡",
    "url": "https://shop.io.mi-img.com/app/shop/img?id=shop_5fb18ae88a92b69877593537a8d7496d.jpeg",
    "link": "/detail?gid=100991",
    "price": 1489,
    "mark": false
  },
  {
    "gid": "100519",
    "title": "小米电视4C 43英寸",
    "describe": "人工智能 超窄边  全高清屏 钢琴烤漆 海量片源",
    "url": "https://shop.io.mi-img.com/app/shop/img?id=shop_5cc55210bad4a097f4a2f502099e4acf.jpeg",
    "link": "/detail?gid=100519",
    "price": 1699,
    "mark": true
  },
  {
    "gid": "504",
    "title": "小米电视4A 49英寸",
    "describe": "1080P全高清屏 4核高性能CPU",
    "url": "https://shop.io.mi-img.com/app/shop/img?id=shop_78a57b0e024e8292b02b073a1cc0e580.jpeg",
    "link": "/detail?gid=504",
    "price": 2099,
    "mark": false
  },
  {
    "gid": "100980",
    "title": "小米电视4A 32英寸 体育版",
    "describe": "一台电视包揽,顶级足球赛事,高清液晶屏,1GB+8GB大内存",
    "url": "https://shop.io.mi-img.com/app/shop/img?id=shop_3d74ec82dc566eb38c78fd7072c600ea.jpeg",
    "link": "/detail?gid=100980",
    "price": 999,
    "mark": false
  },
  {
    "gid" : "100991",
    "title": "Ticwatch 智能手表经典蓝宝石",
    "describe": "经典蓝宝石 气质非凡",
    "url": "https://shop.io.mi-img.com/app/shop/img?id=shop_5fb18ae88a92b69877593537a8d7496d.jpeg",
    "link":"/detail?gid=100991",
    "price": 1489,
    "mark":false
  },
  {
    "gid" : "100519",
    "title": "小米电视4C 43英寸",
    "describe": "人工智能 超窄边  全高清屏 钢琴烤漆 海量片源",
    "url": "https://shop.io.mi-img.com/app/shop/img?id=shop_5cc55210bad4a097f4a2f502099e4acf.jpeg",
    "link":"/detail?gid=100519",
    "price": 1699,
    "mark":true
  },
  {
    "gid" : "504",
    "title": "小米电视4A 49英寸",
    "describe": "1080P全高清屏 4核高性能CPU",
    "url": "https://shop.io.mi-img.com/app/shop/img?id=shop_78a57b0e024e8292b02b073a1cc0e580.jpeg",
    "link":"/detail?gid=504",
    "price": 2099,
    "mark":false
  },
  {
    "gid" : "100980",
    "title": "小米电视4A 32英寸 体育版",
    "describe": "一台电视包揽,顶级足球赛事,高清液晶屏,1GB+8GB大内存",
    "url": "https://shop.io.mi-img.com/app/shop/img?id=shop_3d74ec82dc566eb38c78fd7072c600ea.jpeg",
    "link":"/detail?gid=100980",
    "price": 999,
    "mark":false
  },
  {
    "gid" : "100991",
    "title": "Ticwatch 智能手表经典蓝宝石",
    "describe": "经典蓝宝石 气质非凡",
    "url": "https://shop.io.mi-img.com/app/shop/img?id=shop_5fb18ae88a92b69877593537a8d7496d.jpeg",
    "link":"/detail?gid=100991",
    "price": 1489,
    "mark":false
  },
  {
    "gid" : "100519",
    "title": "小米电视4C 43英寸",
    "describe": "人工智能 超窄边  全高清屏 钢琴烤漆 海量片源",
    "url": "https://shop.io.mi-img.com/app/shop/img?id=shop_5cc55210bad4a097f4a2f502099e4acf.jpeg",
    "link":"/detail?gid=100519",
    "price": 1699,
    "mark":true
  },
  {
    "gid" : "504",
    "title": "小米电视4A 49英寸",
    "describe": "1080P全高清屏 4核高性能CPU",
    "url": "https://shop.io.mi-img.com/app/shop/img?id=shop_78a57b0e024e8292b02b073a1cc0e580.jpeg",
    "link":"/detail?gid=504",
    "price": 2099,
    "mark":false
  },
  {
    "gid" : "100980",
    "title": "小米电视4A 32英寸 体育版",
    "describe": "一台电视包揽,顶级足球赛事,高清液晶屏,1GB+8GB大内存",
    "url": "https://shop.io.mi-img.com/app/shop/img?id=shop_3d74ec82dc566eb38c78fd7072c600ea.jpeg",
    "link":"/detail?gid=100980",
    "price": 999,
    "mark":false
  }
]